-- phpMyAdmin SQL Dump
-- version 5.2.1
-- https://www.phpmyadmin.net/
--
-- Máy chủ: 127.0.0.1
-- Thời gian đã tạo: Th5 06, 2024 lúc 03:58 AM
-- Phiên bản máy phục vụ: 10.4.32-MariaDB
-- Phiên bản PHP: 8.2.12

SET SQL_MODE = "NO_AUTO_VALUE_ON_ZERO";
START TRANSACTION;
SET time_zone = "+00:00";


/*!40101 SET @OLD_CHARACTER_SET_CLIENT=@@CHARACTER_SET_CLIENT */;
/*!40101 SET @OLD_CHARACTER_SET_RESULTS=@@CHARACTER_SET_RESULTS */;
/*!40101 SET @OLD_COLLATION_CONNECTION=@@COLLATION_CONNECTION */;
/*!40101 SET NAMES utf8mb4 */;

--
-- Cơ sở dữ liệu: `sieuthimini`
--

-- --------------------------------------------------------

--
-- Cấu trúc bảng cho bảng `ctphieunhap`
--

CREATE TABLE `ctphieunhap` (
  `maphieunhap` int(11) NOT NULL,
  `masp` int(11) NOT NULL,
  `soluong` int(11) NOT NULL,
  `gianhap` bigint(11) NOT NULL
) ENGINE=InnoDB DEFAULT CHARSET=utf8mb4 COLLATE=utf8mb4_general_ci;

--
-- Đang đổ dữ liệu cho bảng `ctphieunhap`
--

INSERT INTO `ctphieunhap` (`maphieunhap`, `masp`, `soluong`, `gianhap`) VALUES
(1, 1, 6, 5000000),
(2, 2, 2, 15000000),
(3, 3, 7, 5000000),
(4, 4, 5, 15000000),
(5, 5, 12, 7000000);

-- --------------------------------------------------------

--
-- Cấu trúc bảng cho bảng `ctphieuxuat`
--

CREATE TABLE `ctphieuxuat` (
  `maphieuxuat` int(11) NOT NULL,
  `masp` int(11) NOT NULL DEFAULT 0,
  `soluong` int(11) NOT NULL DEFAULT 0,
  `dongia` bigint(11) NOT NULL DEFAULT 0
) ENGINE=InnoDB DEFAULT CHARSET=utf8mb4 COLLATE=utf8mb4_general_ci;

--
-- Đang đổ dữ liệu cho bảng `ctphieuxuat`
--

INSERT INTO `ctphieuxuat` (`maphieuxuat`, `masp`, `soluong`, `dongia`) VALUES
(1, 1, 1, 165000),
(2, 2, 3, 16500),
(3, 3, 5, 78000),
(5, 4, 4, 78000),
(6, 5, 4, 55000),
(7, 6, 1, 78000);

-- --------------------------------------------------------

--
-- Cấu trúc bảng cho bảng `danhmucchucnang`
--

CREATE TABLE `danhmucchucnang` (
  `machucnang` int(10) NOT NULL,
  `tenchucnang` varchar(255) NOT NULL,
  `trangthai` int(11) NOT NULL
) ENGINE=InnoDB DEFAULT CHARSET=utf8mb4 COLLATE=utf8mb4_general_ci;

--
-- Đang đổ dữ liệu cho bảng `danhmucchucnang`
--

INSERT INTO `danhmucchucnang` (`machucnang`, `tenchucnang`, `trangthai`) VALUES
(1, 'Quản lý khách hàng', 1),
(2, 'Quản lý khu vực kho', 1),
(3, 'Quản lý nhà cung cấp', 1),
(4, 'Quản lý nhân viên', 1),
(5, 'Quản lý nhập hàng', 1),
(6, 'Quản lý nhóm quyền', 1),
(7, 'Quản lý sản phẩm', 1),
(8, 'Quản lý tài khoản', 1),
(9, 'Quản lý thống kê', 1),
(10, 'Quản lý thuộc tính', 1),
(11, 'Quản lý xuất hàng', 1);

-- --------------------------------------------------------

--
-- Cấu trúc bảng cho bảng `giamgia`
--

CREATE TABLE `giamgia` (
  `magiamgia` int(11) NOT NULL,
  `tenctgiamgia` varchar(50) NOT NULL,
  `mocgiamgia` int(11) NOT NULL,
  `sotienduocgiam` int(11) NOT NULL
) ENGINE=InnoDB DEFAULT CHARSET=utf8mb4 COLLATE=utf8mb4_general_ci;

--
-- Đang đổ dữ liệu cho bảng `giamgia`
--

INSERT INTO `giamgia` (`magiamgia`, `tenctgiamgia`, `mocgiamgia`, `sotienduocgiam`) VALUES
(1, 'Mua 2 tang 1', 200000, 20000),
(2, 'Sự kiện mua sắm lớn', 500000, 20000),
(3, 'Giảm giá đặc biệt', 1000000, 100000),
(4, 'Mùa hè rực rỡ', 2000000, 200000);

-- --------------------------------------------------------

--
-- Cấu trúc bảng cho bảng `khachhang`
--

CREATE TABLE `khachhang` (
  `makh` int(11) NOT NULL,
  `tenkhachhang` varchar(255) NOT NULL,
  `diachi` varchar(255) NOT NULL,
  `gioitinh` varchar(255) NOT NULL,
  `sdt` varchar(255) NOT NULL,
  `ngaythamgia` date NOT NULL DEFAULT current_timestamp(),
  `trangthai` int(11) NOT NULL DEFAULT 1
) ENGINE=InnoDB DEFAULT CHARSET=utf8mb4 COLLATE=utf8mb4_general_ci;

--
-- Đang đổ dữ liệu cho bảng `khachhang`
--

INSERT INTO `khachhang` (`makh`, `tenkhachhang`, `diachi`, `gioitinh`, `sdt`, `ngaythamgia`, `trangthai`) VALUES
(1, 'Trần Văn Nghĩa', 'Gia Đức, Ân Đức, Hoài Ân, Bình Định', 'Nam', '0387913347', '2005-11-11', 1),
(2, 'Trần Nhất Nhất', '205 Trần Hưng Đạo, Phường 10, Quận 5, Thành phố Hồ Chí Minh', 'Nam', '0412378234', '1999-04-19', 1),
(3, 'Hoàng Gia Bảo', 'Khoa Trường, Hoài Ân, Bình Định', 'Nam', '0987654321', '2004-02-04', 1),
(4, 'Hồ Minh Hưng', 'Khoa Trường, Hoài Ân, Bình Định', 'Nam', '0867987456', '2001-12-19', 1);

-- --------------------------------------------------------

--
-- Cấu trúc bảng cho bảng `khuvuckho`
--

CREATE TABLE `khuvuckho` (
  `makhuvuc` int(11) NOT NULL,
  `tenkhuvuc` varchar(255) NOT NULL,
  `ghichu` varchar(255) NOT NULL,
  `trangthai` int(11) NOT NULL
) ENGINE=InnoDB DEFAULT CHARSET=utf8mb4 COLLATE=utf8mb4_general_ci;

--
-- Đang đổ dữ liệu cho bảng `khuvuckho`
--

INSERT INTO `khuvuckho` (`makhuvuc`, `tenkhuvuc`, `ghichu`, `trangthai`) VALUES
(1, 'Kho Bình Dương', 'rau, củ, quả', 1),
(2, 'Kho HCM Express', 'bánh kẹo', 1),
(3, 'Kho Bình Trị Đông', 'đồ ăn', 1),
(4, 'Kho Hoàng Hà', 'đồ dùng học tập', 1),
(5, 'Kho Đồng Tháp Ultra', 'nước ngọt', 1);

-- --------------------------------------------------------

--
-- Cấu trúc bảng cho bảng `loaisanpham`
--

CREATE TABLE `loaisanpham` (
  `maloai` int(11) NOT NULL,
  `tenloai` varchar(255) NOT NULL,
  `trangthai` tinyint(1) DEFAULT 1
) ENGINE=InnoDB DEFAULT CHARSET=utf8mb4 COLLATE=utf8mb4_general_ci;

--
-- Đang đổ dữ liệu cho bảng `loaisanpham`
--

INSERT INTO `loaisanpham` (`maloai`, `tenloai`, `trangthai`) VALUES
(1, 'Đồ ăn', 1),
(2, 'Nước uống', 1),
(3, 'Rau củ quả', 1),
(4, 'Đồ dùng cá nhân', 1),
(5, 'Dụng cụ học tập', 1);

-- --------------------------------------------------------

--
-- Cấu trúc bảng cho bảng `nhacungcap`
--

CREATE TABLE `nhacungcap` (
  `mancc` int(11) NOT NULL,
  `tenncc` varchar(255) NOT NULL,
  `diachi` varchar(255) NOT NULL,
  `email` varchar(255) NOT NULL,
  `sdt` varchar(255) NOT NULL,
  `trangthai` int(11) NOT NULL DEFAULT 1
) ENGINE=InnoDB DEFAULT CHARSET=utf8mb4 COLLATE=utf8mb4_general_ci;

--
-- Đang đổ dữ liệu cho bảng `nhacungcap`
--

INSERT INTO `nhacungcap` (`mancc`, `tenncc`, `diachi`, `email`, `sdt`, `trangthai`) VALUES
(1, 'Công Ty TNHH rau củ quả Thái An', ' Phòng 6.5, Tầng6, Tòa Nhà E. Town 2, 364 Cộng Hòa, P. 13, Q. Tân Bình, Tp. Hồ Chí Minh', 'lienhe@thegioididong.com', '02835100100', 1),
(2, 'Công ty bánh kẹo Việt Nam', 'Số 79 đường số 6, Hưng Phước 4, Phú Mỹ Hưng, quận 7, TPHCM', 'contact@paviet.vn', '19009477', 1),
(3, 'Công Ty TNHH đồ ăn nhanh', '8/38 Đinh Bô Lĩnh, P.24, Q. Bình Thạnh, Tp. Hồ Chí Minh', 'contact@baola.vn', '02835119060', 1),
(4, 'Công Ty THHHMTV An Nam ', 'Phòng 703, Tầng7, Tòa Nhà Metropolitan, 235 Đồng Khởi, P. Bến Nghé, Q. 1, Tp. Hồ Chí Minh (TPHCM)', 'chau.nguyen@nokia.com', '02838236894', 1),
(5, 'Hệ Thống Phân Phối nước ngọt', '261 Lê Lợi, P. Lê Lợi, Q. Ngô Quyền, Tp. Hải Phòng', 'info@mihome.vn', '0365888866', 1),
(6, 'Atech Group', 'Tòa nhà tài chính Bitexco, 2 Hải Triều, Bến Nghé, Quận 1, Thành phố Hồ Chí Minh', 'contact@samsung.vn', '0988788456', 1),
(7, 'Công ty Suzuki Việt Nam', '27 Đ. Nguyễn Trung Trực, Phường Bến Thành, Quận 1, Thành phố Hồ Chí Minh', 'oppovietnam@oppo.vn', '0456345234', 1);

-- --------------------------------------------------------

--
-- Cấu trúc bảng cho bảng `nhanvien`
--

CREATE TABLE `nhanvien` (
  `manv` int(11) NOT NULL,
  `hoten` varchar(255) NOT NULL,
  `gioitinh` varchar(11) NOT NULL,
  `ngaysinh` date NOT NULL,
  `sdt` varchar(50) NOT NULL,
  `email` varchar(255) NOT NULL,
  `trangthai` int(11) NOT NULL
) ENGINE=InnoDB DEFAULT CHARSET=utf8mb4 COLLATE=utf8mb4_general_ci;

--
-- Đang đổ dữ liệu cho bảng `nhanvien`
--

INSERT INTO `nhanvien` (`manv`, `hoten`, `gioitinh`, `ngaysinh`, `sdt`, `email`, `trangthai`) VALUES
(1, 'Huỳnh Lê Phúc', 'Nam', '2004-01-09', '0387913347', 'phucle@gmail.com', 1),
(2, 'Nguyễn Bảo', 'Nam', '2004-04-22', '0355374322', 'bao@gmail.com', 1),
(3, 'Nguyễn Tấn Cảnh', 'Nam', '2003-04-11', '0123456789', 'canh@gmail.com', 1),
(4, 'Nguyễn Trung Trực', 'Nam', '2003-04-03', '0123456789', 'trungtruc@gmail.com', 1),
(5, 'Vũ Trung Hiếu', 'Nam', '2023-05-06', '0123456789', 'trunghieu@gmail.com', 1);

-- --------------------------------------------------------

--
-- Cấu trúc bảng cho bảng `nhomquyen`
--

CREATE TABLE `nhomquyen` (
  `manhomquyen` int(11) NOT NULL,
  `tennhomquyen` varchar(255) NOT NULL,
  `trangthai` int(11) NOT NULL
) ENGINE=InnoDB DEFAULT CHARSET=utf8mb4 COLLATE=utf8mb4_general_ci;

--
-- Đang đổ dữ liệu cho bảng `nhomquyen`
--

INSERT INTO `nhomquyen` (`manhomquyen`, `tennhomquyen`, `trangthai`) VALUES
(1, 'admin', 1),
(2, 'Nhân viên nhập hàng', 1),
(3, 'Nhân viên xuất hàng', 1);

-- --------------------------------------------------------

--
-- Cấu trúc bảng cho bảng `phieunhap`
--

CREATE TABLE `phieunhap` (
  `maphieunhap` int(11) NOT NULL,
  `mancc` int(11) NOT NULL,
  `makhuvuc` int(11) NOT NULL,
  `manv` int(11) NOT NULL,
  `thoigian` datetime DEFAULT current_timestamp(),
  `tongtien` bigint(20) NOT NULL DEFAULT 0,
  `trangthai` int(11) NOT NULL DEFAULT 1
) ENGINE=InnoDB DEFAULT CHARSET=utf8mb4 COLLATE=utf8mb4_general_ci;

--
-- Đang đổ dữ liệu cho bảng `phieunhap`
--

INSERT INTO `phieunhap` (`maphieunhap`, `mancc`, `makhuvuc`, `manv`, `thoigian`, `tongtien`, `trangthai`) VALUES
(1, 1, 1, 1, '2023-04-01 17:34:12', 60000000, 1),
(2, 2, 2, 1, '2023-04-03 17:42:17', 110000000, 1),
(3, 3, 3, 1, '2023-04-04 18:07:58', 84000000, 1),
(4, 4, 4, 4, '2023-04-04 18:19:51', 35000000, 1),
(5, 5, 5, 1, '2023-04-06 08:18:01', 10000000, 1),
(6, 6, 3, 1, '2023-04-07 20:33:58', 75000000, 1),
(7, 7, 2, 1, '2023-04-07 01:09:27', 108500000, 1),
(8, 6, 1, 1, '2023-04-07 08:42:52', 7000000, 1);

-- --------------------------------------------------------

--
-- Cấu trúc bảng cho bảng `phieuxuat`
--

CREATE TABLE `phieuxuat` (
  `maphieuxuat` int(11) NOT NULL,
  `thoigian` datetime NOT NULL DEFAULT current_timestamp(),
  `tongtien` bigint(20) DEFAULT NULL,
  `soluong` int(11) NOT NULL,
  `manv` int(11) NOT NULL,
  `makh` int(11) NOT NULL,
  `magiamgia` int(11) DEFAULT NULL,
  `trangthai` int(11) DEFAULT NULL
) ENGINE=InnoDB DEFAULT CHARSET=utf8mb4 COLLATE=utf8mb4_general_ci;

--
-- Đang đổ dữ liệu cho bảng `phieuxuat`
--

INSERT INTO `phieuxuat` (`maphieuxuat`, `thoigian`, `tongtien`, `soluong`, `manv`, `makh`, `magiamgia`, `trangthai`) VALUES
(1, '2023-04-04 09:56:35', 16500000, 1, 1, 1, 1, 1),
(2, '2023-04-04 03:18:23', 49500000, 1, 1, 1, 1, 1),
(3, '2023-04-05 03:19:31', 39000000, 1, 1, 4, 1, 1),
(4, '2023-04-06 18:30:26', 31200000, 1, 1, 1, 1, 1),
(5, '2023-04-06 01:01:48', 22000000, 1, 1, 2, 1, 1),
(6, '2023-04-06 12:39:44', 7800000, 1, 1, 3, 1, 1),
(7, '2023-04-08 12:40:04', 23400000, 1, 1, 4, 1, 1);

-- --------------------------------------------------------

--
-- Cấu trúc bảng cho bảng `sanpham`
--

CREATE TABLE `sanpham` (
  `masp` int(11) NOT NULL,
  `maloai` int(11) NOT NULL,
  `tensp` varchar(255) DEFAULT NULL,
  `hinhanh` varchar(255) DEFAULT NULL,
  `xuatxu` int(11) DEFAULT NULL,
  `NSX` date NOT NULL,
  `HSD` date NOT NULL,
  `thuonghieu` int(11) DEFAULT NULL,
  `gia` int(11) DEFAULT NULL,
  `soluongton` int(11) DEFAULT 0,
  `trangthai` tinyint(1) DEFAULT 1
) ENGINE=InnoDB DEFAULT CHARSET=utf8mb4 COLLATE=utf8mb4_general_ci;

--
-- Đang đổ dữ liệu cho bảng `sanpham`
--

INSERT INTO `sanpham` (`masp`, `maloai`, `tensp`, `hinhanh`, `xuatxu`, `NSX`, `HSD`, `thuonghieu`, `gia`, `soluongton`, `trangthai`) VALUES
(1, 2, 'pepsi', '', 1, '2023-04-11', '2023-11-11', 1, 10000, 156, 1),
(2, 1, 'bánh kem', '', 1, '2023-04-11', '2023-11-11', 1, 400000, 156, 1),
(3, 1, 'bánh quy', '', 1, '2023-04-11', '2023-11-11', 1, 50000, 156, 1),
(4, 3, 'cà rốt', '', 1, '2023-04-11', '2023-11-11', 1, 6000, 156, 1),
(5, 3, 'khoai tây', '', 1, '2023-04-11', '2023-11-11', 1, 10000, 156, 1),
(6, 3, 'rau muống', '', 1, '2023-04-11', '2023-11-11', 1, 7000, 156, 1),
(7, 2, 'coca', '', 1, '2023-04-11', '2023-11-11', 1, 10000, 156, 1),
(8, 5, 'bút xóa', '', 1, '2023-04-11', '2023-11-11', 1, 15000, 156, 1);

-- --------------------------------------------------------

--
-- Cấu trúc bảng cho bảng `taikhoan`
--

CREATE TABLE `taikhoan` (
  `mataikhoan` int(11) NOT NULL,
  `manv` int(11) NOT NULL,
  `matkhau` char(255) NOT NULL,
  `manhomquyen` int(11) NOT NULL,
  `tendangnhap` varchar(50) NOT NULL DEFAULT '',
  `trangthai` int(11) NOT NULL
) ENGINE=InnoDB DEFAULT CHARSET=utf8mb4 COLLATE=utf8mb4_general_ci;

--
-- Đang đổ dữ liệu cho bảng `taikhoan`
--

INSERT INTO `taikhoan` (`mataikhoan`, `manv`, `matkhau`, `manhomquyen`, `tendangnhap`, `trangthai`) VALUES
(1, 1, 'abc', 1, 'admin', 1),
(2, 3, 'abc', 1, 'dai', 1),
(3, 2, 'abc', 1, 'vuem', 1),
(4, 4, 'abc', 2, 'khuong', 0),
(5, 5, 'abc', 3, 'bao', 0);

-- --------------------------------------------------------

--
-- Cấu trúc bảng cho bảng `thuonghieu`
--

CREATE TABLE `thuonghieu` (
  `mathuonghieu` int(11) NOT NULL,
  `tenthuonghieu` varchar(255) NOT NULL,
  `trangthai` tinyint(1) NOT NULL DEFAULT 1
) ENGINE=InnoDB DEFAULT CHARSET=utf8mb4 COLLATE=utf8mb4_general_ci;

--
-- Đang đổ dữ liệu cho bảng `thuonghieu`
--

INSERT INTO `thuonghieu` (`mathuonghieu`, `tenthuonghieu`, `trangthai`) VALUES
(1, 'Thương hiệu A', 1),
(2, 'Thương hiệu B', 1),
(3, 'Thương hiệu C', 1),
(4, 'Thương hiệu D', 0),
(7, 'Thương hiệu E', 0),
(8, 'Thương hiệu F', 0),
(9, 'Thương hiệu G', 1),
(10, 'Thương hiệu H', 1);

-- --------------------------------------------------------

--
-- Cấu trúc bảng cho bảng `xuatxu`
--

CREATE TABLE `xuatxu` (
  `maxuatxu` int(11) NOT NULL,
  `tenxuatxu` varchar(50) NOT NULL,
  `trangthai` tinyint(1) DEFAULT 1
) ENGINE=InnoDB DEFAULT CHARSET=utf8mb4 COLLATE=utf8mb4_general_ci;

--
-- Đang đổ dữ liệu cho bảng `xuatxu`
--

INSERT INTO `xuatxu` (`maxuatxu`, `tenxuatxu`, `trangthai`) VALUES
(1, 'Trung Quốc', 1),
(2, 'Hàn Quốc', 1),
(3, 'Việt Nam', 1),
(4, 'USA', 1);

--
-- Chỉ mục cho các bảng đã đổ
--

--
-- Chỉ mục cho bảng `ctphieunhap`
--
ALTER TABLE `ctphieunhap`
  ADD KEY `fk_ctphieunhap_maphieunhap` (`maphieunhap`),
  ADD KEY `fk_ctphieunhap_masp` (`masp`);

--
-- Chỉ mục cho bảng `ctphieuxuat`
--
ALTER TABLE `ctphieuxuat`
  ADD KEY `fk_ctphieuxuat_masp` (`masp`),
  ADD KEY `fk_ctphieuxuat_maphieuxuat` (`maphieuxuat`);

--
-- Chỉ mục cho bảng `danhmucchucnang`
--
ALTER TABLE `danhmucchucnang`
  ADD PRIMARY KEY (`machucnang`);

--
-- Chỉ mục cho bảng `giamgia`
--
ALTER TABLE `giamgia`
  ADD PRIMARY KEY (`magiamgia`);

--
-- Chỉ mục cho bảng `khachhang`
--
ALTER TABLE `khachhang`
  ADD PRIMARY KEY (`makh`);

--
-- Chỉ mục cho bảng `khuvuckho`
--
ALTER TABLE `khuvuckho`
  ADD PRIMARY KEY (`makhuvuc`);

--
-- Chỉ mục cho bảng `loaisanpham`
--
ALTER TABLE `loaisanpham`
  ADD PRIMARY KEY (`maloai`);

--
-- Chỉ mục cho bảng `nhacungcap`
--
ALTER TABLE `nhacungcap`
  ADD PRIMARY KEY (`mancc`);

--
-- Chỉ mục cho bảng `nhanvien`
--
ALTER TABLE `nhanvien`
  ADD PRIMARY KEY (`manv`);

--
-- Chỉ mục cho bảng `nhomquyen`
--
ALTER TABLE `nhomquyen`
  ADD PRIMARY KEY (`manhomquyen`);

--
-- Chỉ mục cho bảng `phieunhap`
--
ALTER TABLE `phieunhap`
  ADD PRIMARY KEY (`maphieunhap`),
  ADD KEY `fk_phieunhap_mancc` (`mancc`),
  ADD KEY `fk_phieunhap_makhuvuc` (`makhuvuc`),
  ADD KEY `fk_phieunhap_manv` (`manv`);

--
-- Chỉ mục cho bảng `phieuxuat`
--
ALTER TABLE `phieuxuat`
  ADD PRIMARY KEY (`maphieuxuat`),
  ADD KEY `fk_phieuxuat_manv` (`manv`),
  ADD KEY `fk_phieuxuat_makh` (`makh`),
  ADD KEY `fk_phieuxuat_magiamgia` (`magiamgia`);

--
-- Chỉ mục cho bảng `sanpham`
--
ALTER TABLE `sanpham`
  ADD PRIMARY KEY (`masp`),
  ADD KEY `fk_sanpham_loaisanpham` (`maloai`),
  ADD KEY `fk_sanpham_thuonghieu` (`thuonghieu`),
  ADD KEY `fk_sanpham_xuatxu` (`xuatxu`);

--
-- Chỉ mục cho bảng `taikhoan`
--
ALTER TABLE `taikhoan`
  ADD PRIMARY KEY (`mataikhoan`),
  ADD KEY `fk_taikhoan_manhomquyen` (`manhomquyen`),
  ADD KEY `fk_taikhoan_manv` (`manv`);

--
-- Chỉ mục cho bảng `thuonghieu`
--
ALTER TABLE `thuonghieu`
  ADD PRIMARY KEY (`mathuonghieu`);

--
-- Chỉ mục cho bảng `xuatxu`
--
ALTER TABLE `xuatxu`
  ADD PRIMARY KEY (`maxuatxu`);

--
-- AUTO_INCREMENT cho các bảng đã đổ
--

--
-- AUTO_INCREMENT cho bảng `danhmucchucnang`
--
ALTER TABLE `danhmucchucnang`
  MODIFY `machucnang` int(10) NOT NULL AUTO_INCREMENT, AUTO_INCREMENT=12;

--
-- AUTO_INCREMENT cho bảng `giamgia`
--
ALTER TABLE `giamgia`
  MODIFY `magiamgia` int(11) NOT NULL AUTO_INCREMENT, AUTO_INCREMENT=5;

--
-- AUTO_INCREMENT cho bảng `khachhang`
--
ALTER TABLE `khachhang`
  MODIFY `makh` int(11) NOT NULL AUTO_INCREMENT, AUTO_INCREMENT=5;

--
-- AUTO_INCREMENT cho bảng `khuvuckho`
--
ALTER TABLE `khuvuckho`
  MODIFY `makhuvuc` int(11) NOT NULL AUTO_INCREMENT, AUTO_INCREMENT=6;

--
-- AUTO_INCREMENT cho bảng `loaisanpham`
--
ALTER TABLE `loaisanpham`
  MODIFY `maloai` int(11) NOT NULL AUTO_INCREMENT, AUTO_INCREMENT=6;

--
-- AUTO_INCREMENT cho bảng `nhacungcap`
--
ALTER TABLE `nhacungcap`
  MODIFY `mancc` int(11) NOT NULL AUTO_INCREMENT, AUTO_INCREMENT=8;

--
-- AUTO_INCREMENT cho bảng `nhanvien`
--
ALTER TABLE `nhanvien`
  MODIFY `manv` int(11) NOT NULL AUTO_INCREMENT, AUTO_INCREMENT=6;

--
-- AUTO_INCREMENT cho bảng `nhomquyen`
--
ALTER TABLE `nhomquyen`
  MODIFY `manhomquyen` int(11) NOT NULL AUTO_INCREMENT, AUTO_INCREMENT=4;

--
-- AUTO_INCREMENT cho bảng `phieunhap`
--
ALTER TABLE `phieunhap`
  MODIFY `maphieunhap` int(11) NOT NULL AUTO_INCREMENT, AUTO_INCREMENT=9;

--
-- AUTO_INCREMENT cho bảng `phieuxuat`
--
ALTER TABLE `phieuxuat`
  MODIFY `maphieuxuat` int(11) NOT NULL AUTO_INCREMENT, AUTO_INCREMENT=8;

--
-- AUTO_INCREMENT cho bảng `sanpham`
--
ALTER TABLE `sanpham`
  MODIFY `masp` int(11) NOT NULL AUTO_INCREMENT, AUTO_INCREMENT=9;

--
-- AUTO_INCREMENT cho bảng `taikhoan`
--
ALTER TABLE `taikhoan`
  MODIFY `mataikhoan` int(11) NOT NULL AUTO_INCREMENT, AUTO_INCREMENT=6;

--
-- AUTO_INCREMENT cho bảng `thuonghieu`
--
ALTER TABLE `thuonghieu`
  MODIFY `mathuonghieu` int(11) NOT NULL AUTO_INCREMENT, AUTO_INCREMENT=11;

--
-- AUTO_INCREMENT cho bảng `xuatxu`
--
ALTER TABLE `xuatxu`
  MODIFY `maxuatxu` int(11) NOT NULL AUTO_INCREMENT, AUTO_INCREMENT=5;

--
-- Các ràng buộc cho các bảng đã đổ
--

--
-- Các ràng buộc cho bảng `ctphieunhap`
--
ALTER TABLE `ctphieunhap`
  ADD CONSTRAINT `fk_ctphieunhap_maphieunhap` FOREIGN KEY (`maphieunhap`) REFERENCES `phieunhap` (`maphieunhap`),
  ADD CONSTRAINT `fk_ctphieunhap_masp` FOREIGN KEY (`masp`) REFERENCES `sanpham` (`masp`);

--
-- Các ràng buộc cho bảng `ctphieuxuat`
--
ALTER TABLE `ctphieuxuat`
  ADD CONSTRAINT `fk_ctphieuxuat_maphieuxuat` FOREIGN KEY (`maphieuxuat`) REFERENCES `phieuxuat` (`maphieuxuat`),
  ADD CONSTRAINT `fk_ctphieuxuat_masp` FOREIGN KEY (`masp`) REFERENCES `sanpham` (`masp`);

--
-- Các ràng buộc cho bảng `phieunhap`
--
ALTER TABLE `phieunhap`
  ADD CONSTRAINT `fk_phieunhap_makhuvuc` FOREIGN KEY (`makhuvuc`) REFERENCES `khuvuckho` (`makhuvuc`),
  ADD CONSTRAINT `fk_phieunhap_mancc` FOREIGN KEY (`mancc`) REFERENCES `nhacungcap` (`mancc`),
  ADD CONSTRAINT `fk_phieunhap_manv` FOREIGN KEY (`manv`) REFERENCES `nhanvien` (`manv`);

--
-- Các ràng buộc cho bảng `phieuxuat`
--
ALTER TABLE `phieuxuat`
  ADD CONSTRAINT `fk_phieuxuat_magiamgia` FOREIGN KEY (`magiamgia`) REFERENCES `giamgia` (`magiamgia`),
  ADD CONSTRAINT `fk_phieuxuat_makh` FOREIGN KEY (`makh`) REFERENCES `khachhang` (`makh`),
  ADD CONSTRAINT `fk_phieuxuat_manv` FOREIGN KEY (`manv`) REFERENCES `nhanvien` (`manv`);

--
-- Các ràng buộc cho bảng `sanpham`
--
ALTER TABLE `sanpham`
  ADD CONSTRAINT `fk_sanpham_loaisanpham` FOREIGN KEY (`maloai`) REFERENCES `loaisanpham` (`maloai`),
  ADD CONSTRAINT `fk_sanpham_thuonghieu` FOREIGN KEY (`thuonghieu`) REFERENCES `thuonghieu` (`mathuonghieu`),
  ADD CONSTRAINT `fk_sanpham_xuatxu` FOREIGN KEY (`xuatxu`) REFERENCES `xuatxu` (`maxuatxu`);

--
-- Các ràng buộc cho bảng `taikhoan`
--
ALTER TABLE `taikhoan`
  ADD CONSTRAINT `fk_taikhoan_manhomquyen` FOREIGN KEY (`manhomquyen`) REFERENCES `nhomquyen` (`manhomquyen`),
  ADD CONSTRAINT `fk_taikhoan_manv` FOREIGN KEY (`manv`) REFERENCES `nhanvien` (`manv`);
COMMIT;

/*!40101 SET CHARACTER_SET_CLIENT=@OLD_CHARACTER_SET_CLIENT */;
/*!40101 SET CHARACTER_SET_RESULTS=@OLD_CHARACTER_SET_RESULTS */;
/*!40101 SET COLLATION_CONNECTION=@OLD_COLLATION_CONNECTION */;
